

delete  from  user_roles where user_id = 1;
delete  from public.user where id = 1;
insert into  public.user   values (1,'admin','admin','admin','admin');

insert into public.user_roles values (1,'4',1);

delete from evaluation;

delete from clinical_unit;
delete from non_clinical_unit;
delete from surgery_department;


 delete from public.unit_sub_category;

 delete  from public.unit_category;

 insert  into public.unit_category (id,title_en,title_fa,type)values
              (1,  'Clinical Units','بخش های کلینیکی' ,'ClinicalUnit'),
              (2,  'NonClinical Units', 'بخشهای اداری' ,'NonClinicalUnit'),
             (3,  'Surgery Departments', 'بخشهای جراحی' ,'SurgeryDepartment');

 INSERT  INTO public.unit_sub_category(id,title_en,title_fa,category_id) VALUES
                   (1,'Infirmary','بخش درمانگاه',1),
                    (2,'Medical imaging','بخش تصویر برداری پزشکی',1),
                     (3,'Diagnostic services ','بخش آزمایشگاه تشخیص طبی',1),
                                          (4,'Physiotherapy','بخش فیزیوتراپی',1),
                                            (5,'Confinement','بخش بخشهای بستری',1) ;


  INSERT  INTO public.unit_sub_category(id,title_en,title_fa,category_id) VALUES
                   (6,'Administrative and management departments','بخشهای اداری و مدیریتی',2),
                    (7,'Support departments','بخشهای پشتیبانی',2),
                     (8,'Other departments','سایر بخشها',2);

   INSERT  INTO public.unit_sub_category(id,title_en,title_fa,category_id) VALUES
                   (9,'Emergency department','بخش اورژانس',3),
                    (10,'Surgical department','بخش اعمال جراحی',3),
                     (11,'Maternity department','بخش زایمان',3),
                      (12,'Types of Medium Care Departments','انواع بخشهای مراقبت متوسط',3),
                       (13,'Different types of intensive care units','انواع بخشهای مراقبت ویژه',3) ;


--      INSERT  INTO public.unit_sub_category(id,title_en,title_fa,category_id) VALUES
--              (1,'General','عمومی',1),
--             (2,'Pediatrics','کودکان',1),
--            (3,'Cardiology','قلب',1),
--              (4,'Pneumology','ریه',1),
--            (5,'Neurology','مغز و اعصاب',1),
--           (6,'Endocrinology','غدد',1),
--            (7,'Hematology','خون',1),
--             (8,'Gastroenterology','گوارش',1),
--             (9,'Physiology and rehabilitation','طب فیزیکی و توانبخشی',1),
--             (10,'Dermatology','پوست',1),
--             (11,'Psychiatry','سوختگی',1);
--
--     INSERT  INTO public.unit_sub_category(id,title_en,title_fa,category_id) VALUES
--            (12,'General surgery','جراحی عمومی',2),
--           (13,'Obstetrics and  gynecology','جراحی زنان',2),
--            (14,'Orthopedics and traumatology','ارتوپدی و تروماتولوژی',2),
--            (15,'Urology','اورولوژی',2),
--          (16,'Otolaryngology','گوش و حلق و بینی',2),
--           (17,'Ophtalmology','چشم پزشکی',2),
--             (18,'Neurosurgery','جراحی مغز و اعصاب',2),
--           (19,'Plastic surgery','جراحی پلاستیک',2),
--            (20,'Cardiovascular surgery','جراحی قلب و عروق',2);
--
--
--
--     INSERT  INTO public.unit_sub_category(id,title_en,title_fa,category_id) VALUES
--             (21,'Diagnostic services (laboratory, radiology, etc.)','سرویسهای تشخیصی (آزمایشگاه، رادیولوژی و غیره)',4),
--           (22,'blood bank','بانک خون',4),
--             (23,'pharmacy','داروخانه',4),
--             (24,'Biomedical Engineering','مهندسی پزشکی',4),
--            (25,'civil engineer','مهندسی ساختمان',4),
--             (26,'Engineering of critical systems and facilities','مهندسی سیستمهای حیاتی و تأسیسات',4),
--             (27,'Decontamination','آلودگی زدایی',4),
--            (28,'Security','حراست',4),
--            (29,'administrative and financial','اداری-مالی',4);
--
--     INSERT  INTO public.unit_sub_category (id,title_en,title_fa,category_id) VALUES
--             (30,'Septic surgery','جراحی سپتیک',6),
--             (31,'Aseptic surgegy','جراحی آسپتیک',6),
--            (32,'Pediatrics surgery','جراحی کودکان',6),
--            (33,'Obstetrics and gynecology surgery','جراحی زنان و زایمان',6),
--             (34,'Emergency surgery','جراحی اورژانس',6);
--
--     INSERT  INTO public.unit_sub_category(id,title_en,title_fa,category_id) VALUES
--             (35,'General intensive care','مراقبت ویژه عمومی',3),
--             (36,'General intermediate care','راقبت حد واسط عمومی٭',3),
--           (37,'Cardiovascular ICU','جراحی قلب و عروق',3),
--            (38,'Pediatrics ICU','اطفال ICU',3);


delete from evaluation;
    delete  from public.question;
   delete  from public.question_category;

insert  into public.question_category (id,category_title_en,category_title_fa,module_name) values
 (8,'Communication and information management','Communication and information management','INSTITUTIONAL'),
 (10,' Logistics and finance','اقدامات مربوط به هماهنگی در مدیریت بحران','INSTITUTIONAL'),
 (4,' Critical services',' Critical services','NON_STRUCTURAL'),
 (1,'Prior events and hazards affecting building Risk','Prior events and hazards affecting building Risk','STRUCTURAL'),
 (2,'Building integrity','Building integrity','STRUCTURAL'),
 (3,'Architectural Risk','Architectural Risk','NON_STRUCTURAL'),
 (11,' Patient care and support services','اقدامات مربوط به هماهنگی در مدیریت بحران','INSTITUTIONAL'),
 (5,'Critical systems','Critical systems','NON_STRUCTURAL'),
 (7,'Coordination of emergency and disaster management activities','Coordination of emergency and disaster management activities','INSTITUTIONAL'),
 (12,'Evacuation, decontamination and security','منابع انسانی','INSTITUTIONAL'),
 (6,'Equipment and supplies','Equipment and supplies','NON_STRUCTURAL'),
 (13,'ارزیابی مخاطرات','Hazard Assessment','HAZARD'),
 (9,'Human resources','اقدامات مربوط به هماهنگی در مدیریت بحران','INSTITUTIONAL');
 insert  into public.question (id,brief_description_en,brief_description_fa,code,help_link, question_title_en,question_title_fa,weight,category_id) values
  (157,'Pre-field','تعیین سطح بر اساس استعلام از سازمان ملی هواشناسی','F11','https://unhabitat.org/iran/','Storm','سطح خطر طوفان', 1.000000  , 13 ),
  (5,'Risk ratings: High = Rust with flaking; cracks larger than 3 mm (concrete), excessive deformations (steel and wood); Average = Cracks between 1 and 3 mm present (concrete), moderate and visible deformations (steel and wood) or rust with no flaking; Low = Cracks less than 1 mm (concrete), no visible deformations; no rust.','Risk ratings: High = Rust with flaking; cracks larger than 3 mm (concrete), excessive deformations (steel and wood); Average = Cracks between 1 and 3 mm present (concrete), moderate and visible deformations (steel and wood) or rust with no flaking; Low = Cracks less than 1 mm (concrete), no visible deformations; no rust.','F11','https://unhabitat.org/iran/',' کیفیت مصالح به کار رفته در ساخت','', 3.000000  , 2 ),
  (22,'Risk ratings: Low = No evidence of interaction; Average = interaction in the zones of elements that are not directly provide seismic capacity; High = interaction in the critical zones of seismic resisting system','Risk ratings: Low = No evidence of interaction; Average = interaction in the zones of elements that are not directly provide seismic capacity; High = interaction in the critical zones of seismic resisting system','F11','https://unhabitat.org/iran/','عبور تاسیسات از داخل عناصر سازه ای','', 3.000000  , 2 ),
  (8,'Risk ratings: High = Separation less than 5 m; Average = Separation between 5 m and 15 m; Low = Separation more than 15 m.','Risk ratings: High = Separation less than 5 m; Average = Separation between 5 m and 15 m; Low = Separation more than 15 m.','F11','https://unhabitat.org/iran/',' کنترل پلان جانمایی ساختمانها از دیدگاه مهندسی باد و آتش','', 3.000000  , 2 ),
  (119,'Risk ratings: high = There is no staff member who has been assigned responsibilities as the emergency/disaster management coordinator; Average = Emergency/disaster management coordination tasks have been assigned to a staff member, but it is not his/her main task; low = A staff member is assigned the emergency and disaster management coordination responsibilities as his/her main task, and is fulfilling the role of implementing the hospital’s preparedness programme.','Risk ratings: high = There is no staff member who has been assigned responsibilities as the emergency/disaster management coordinator; Average = Emergency/disaster management coordination tasks have been assigned to a staff member, but it is not his/her main task; low = A staff member is assigned the emergency and disaster management coordination responsibilities as his/her main task, and is fulfilling the role of implementing the hospital’s preparedness programme.','F11','https://unhabitat.org/iran/','هماهنگ کننده مدیریت سوانح','', 1.000000  , 7 ),
  (131,'Risk ratings: high = Directory of external stakeholders does not exist; Average = Directory exists but is not current (more than 3 months since it was updated); low = Directory is available, is up to date and is held by key emergency response staff.','Risk ratings: high = Directory of external stakeholders does not exist; Average = Directory exists but is not current (more than 3 months since it was updated); low = Directory is available, is up to date and is held by key emergency response staff.','F11','https://unhabitat.org/iran/','بانک اطلاعات ذینفعان خارج از مرکز درمانی','', 1.000000  , 8 ),
  (53,'Risk ratings: Low = safe installation considering seismic requirements; Average = Safe installation without considering seismic requirements; High = poor installation even against service loads','Risk ratings: Low = safe installation considering seismic requirements; Average = Safe installation without considering seismic requirements; High = poor installation even against service loads','F11','https://unhabitat.org/iran/','وضعیت کابل ها و تجهیزات ارتباطات راه دور','', 3.000000  , 5 ),
  (132,'Risk ratings: high = Procedures do not exist, no spokesperson nominated; Average = Procedures exist and nominated spokespersons have been trained; low = Procedures exist, nominated spokespersons have been trained, and procedures have been tested at least annually.','Risk ratings: high = Procedures do not exist, no spokesperson nominated; Average = Procedures exist and nominated spokespersons have been trained; low = Procedures exist, nominated spokespersons have been trained, and procedures have been tested at least annually.','F11','https://unhabitat.org/iran/','پیش بینی فرایندهای ارتباط با رسانه ها و افکار عمومی در حین بحران','', 1.000000  , 8 ),
  (46,'Risk ratings: Low = safe installation considering seismic requirements; Average = Safe installation without considering seismic requirements; High = poor installation even against service loads','Risk ratings: Low = safe installation considering seismic requirements; Average = Safe installation without considering seismic requirements; High = poor installation even against service loads','F11','https://unhabitat.org/iran/','وضعیت سیستم تامین نور در بخشهای بحرانی ','', 3.000000  , 5 ),
  (21,'Risk ratings: Low = No bridge between adjacent buildings; Average = structural bridge between adjacent buildings considering isolation of dynamic interaction; High =structural bridge between adjacent buildings without considering isolation of dynamic interaction','Risk ratings: Low = No bridge between adjacent buildings; Average = structural bridge between adjacent buildings considering isolation of dynamic interaction; High =structural bridge between adjacent buildings without considering isolation of dynamic interaction','F11','https://unhabitat.org/iran/',' اتصال سازه ای به ساختمانهای مجاور','', 3.000000  , 2 ),
  (124,'Risk ratings: high = No arrangements exist; Average = Arrangements exist but are not fully operational; low = Arrangements exist and are fully operational.','Risk ratings: high = No arrangements exist; Average = Arrangements exist but are not fully operational; low = Arrangements exist and are fully operational.','F11','https://unhabitat.org/iran/','پیش بینی فرایند های هماهنگی و همکاری با شبکه بهداشت و درمان در حین بحران','', 1.000000  , 7 ),
  (114,'Risk ratings: Low = safe installation considering seismic requirements; Average = Safe installation without considering seismic requirements; High = poor installation even against service loads','Risk ratings: Low = safe installation considering seismic requirements; Average = Safe installation without considering seismic requirements; High = poor installation even against service loads','F11','https://unhabitat.org/iran/','وضعیت تجهیزات پزشکی برقی','', 3.000000  , 6 ),
  (151,'Risk ratings: high = Procedures for a mass fatality incident do not exist or exist only as a document; Average = Procedures exist and personnel have been trained, but the level of resources required for emergency and disaster situations is not available; low = Procedures exist, personnel have been trained, and resources are available for implementation of procedures at maximum hospital capacity in emergency and disaster situations','Risk ratings: high = Procedures for a mass fatality incident do not exist or exist only as a document; Average = Procedures exist and personnel have been trained, but the level of resources required for emergency and disaster situations is not available; low = Procedures exist, personnel have been trained, and resources are available for implementation of procedures at maximum hospital capacity in emergency and disaster situations','F11','https://unhabitat.org/iran/','فرایندهای مربوط به متوفیان در سوانح با ابعاد بزرگ','', 1.000000  , 11 ),
  (11,'Risk ratings: High = Strength of beams is obviously greater than strength of columns; Average = Strength of beams is similar to strength of columns; Low = Strength of columns is greater than strength of beams.','Risk ratings: High = Strength of beams is obviously greater than strength of columns; Average = Strength of beams is similar to strength of columns; Low = Strength of columns is greater than strength of beams.','F11','https://unhabitat.org/iran/','نسبت مقاومت ستون به مقاومت تیر','', 3.000000  , 2 ),
  (29,'Risk ratings: High = Doors, exits and entrances in poor condition, subject to damage which would impede the function of this and other elements, systems or operations; entrance width is less than 115 cm; Average = In fair condition, subject to damage but damage would not impede the function of this and other elements, systems or operations; or entrance width is less than 115 cm; Low = In good condition, no or minor potential for damage that would impede the function of this and other elements, systems or operations; and entrance width is equal to or larger than 115 cm.','Risk ratings: High = Doors, exits and entrances in poor condition, subject to damage which would impede the function of this and other elements, systems or operations; entrance width is less than 115 cm; Average = In fair condition, subject to damage but damage would not impede the function of this and other elements, systems or operations; or entrance width is less than 115 cm; Low = In good condition, no or minor potential for damage that would impede the function of this and other elements, systems or operations; and entrance width is equal to or larger than 115 cm.','F11','https://unhabitat.org/iran/','وضعیت درها، ورودی ها و خروجی ها','', 1.000000  , 3 ),
  (108,'Risk ratings: Low = safe installation considering seismic requirements; Average = Safe installation without considering seismic requirements; High = poor installation even against service loads','Risk ratings: Low = safe installation considering seismic requirements; Average = Safe installation without considering seismic requirements; High = poor installation even against service loads','F11','https://unhabitat.org/iran/','وضعیت تجهیزات تخصصی بخش زنان و نوزادان','', 3.000000  , 6 ),
  (120,'Risk ratings: high = A programme for strengthening preparedness, response and recovery does not exist or, if it exists, no preparedness activities are being implemented; Average = A programme for strengthening preparedness, response and recovery exists and some activities are being implemented; low = A programme for strengthening preparedness, response and recovery is being fully implemented under the leadership of the Hospital Emergency/Disaster Committee.','Risk ratings: high = A programme for strengthening preparedness, response and recovery does not exist or, if it exists, no preparedness activities are being implemented; Average = A programme for strengthening preparedness, response and recovery exists and some activities are being implemented; low = A programme for strengthening preparedness, response and recovery is being fully implemented under the leadership of the Hospital Emergency/Disaster Committee.','F11','https://unhabitat.org/iran/','برنامه آمادگی برای مدیریت سوانح جهت تقویت توان مرکز درمانی در پاسخ و بازیابی پس از بحران','', 1.000000  , 7 ),
  (82,'Risk ratings: Low = safe installation considering seismic requirements; Average = Safe installation without considering seismic requirements; High = poor installation even against service loads','Risk ratings: Low = safe installation considering seismic requirements; Average = Safe installation without considering seismic requirements; High = poor installation even against service loads','F11','https://unhabitat.org/iran/','وضعیت سیستم دفع زباله جامد آلوده ','', 3.000000  , 5 ),
  (93,'Risk ratings: Low = safe installation considering seismic requirements; Average = Safe installation without considering seismic requirements; High = poor installation even against service loads','Risk ratings: Low = safe installation considering seismic requirements; Average = Safe installation without considering seismic requirements; High = poor installation even against service loads','F11','https://unhabitat.org/iran/','وضعیت کیفی دریچه های سیستم سرمایش و گرمایش','', 3.000000  , 5 ),
  (128,'Risk ratings: high = Response plan and subplans have not been tested; Average = Response plan or subplans are tested, but are not tested at least annually; low = Response plan or subplans are tested at least annually and updated according to the exercise results.','Risk ratings: high = Response plan and subplans have not been tested; Average = Response plan or subplans are tested, but are not tested at least annually; low = Response plan or subplans are tested at least annually and updated according to the exercise results.','F11','https://unhabitat.org/iran/','تمرین عملی برنامه های پاسخ و بازیابی از بحران، ارزیابی و به روز رسانی آنها','', 1.000000  , 7 ),
  (75,'Risk ratings: Low = safe installation considering seismic requirements; Average = Safe installation without considering seismic requirements; High = poor installation even against service loads','Risk ratings: Low = safe installation considering seismic requirements; Average = Safe installation without considering seismic requirements; High = poor installation even against service loads','F11','https://unhabitat.org/iran/','وضعیت سیستم آشکار ساز دود و آتش','', 3.000000  , 5 ),
  (122,'Risk ratings: high = The EOC is not designated or is in an unsafe or insecure location; Average = The designated EOC is in a safe, secure and accessible location, but would have limited operational capacity immediately in an emergency; low = The EOC is in a safe, secure and accessible location with immediate operational capacity.','Risk ratings: high = The EOC is not designated or is in an unsafe or insecure location; Average = The designated EOC is in a safe, secure and accessible location, but would have limited operational capacity immediately in an emergency; low = The EOC is in a safe, secure and accessible location with immediate operational capacity.','F11','https://unhabitat.org/iran/','مرکز فرماندهی بحران','', 1.000000  , 7 ),
  (42,'Risk ratings: High = Tested at full load every 3 months or more; Average = Tested at full load every 1 to 3 months; Low = Tested at full load at least monthly.','Risk ratings: High = Tested at full load every 3 months or more; Average = Tested at full load every 1 to 3 months; Low = Tested at full load at least monthly.','F11','https://unhabitat.org/iran/','وضعیت سرویس و نگهداری ژنراتورها','', 3.000000  , 5 ),
  (57,'Risk ratings: High = Documented procedures and maintenance/inspection records do not exist; Average = Documented procedures exist, maintenance/inspection records are up to date, personnel have been trained, but resources are not available; Low = Documented procedures exist, maintenance/inspection records are up to date, personnel have been trained, and resources are in place for implementing emergency maintenance and restoration.','Risk ratings: High = Documented procedures and maintenance/inspection records do not exist; Average = Documented procedures exist, maintenance/inspection records are up to date, personnel have been trained, but resources are not available; Low = Documented procedures exist, maintenance/inspection records are up to date, personnel have been trained, and resources are in place for implementing emergency maintenance and restoration.','F11','https://unhabitat.org/iran/','وضعیت تعمیر و نگهداری سیستم مخابراتی','', 3.000000  , 5 ),
  (31,'Risk ratings: High = Building envelope in poor condition, subject to damage which would impede the function of this and other elements, systems or operations; Average = In fair condition, subject to damage but damage would not impede the function of this and other elements, systems or operations; Low = In good condition, no or minor potential for damage that would impede the function of this and other elements, systems or operations.','Risk ratings: High = Building envelope in poor condition, subject to damage which would impede the function of this and other elements, systems or operations; Average = In fair condition, subject to damage but damage would not impede the function of this and other elements, systems or operations; Low = In good condition, no or minor potential for damage that would impede the function of this and other elements, systems or operations.','F11','https://unhabitat.org/iran/','وضعیت نما و جداره های خارجی ساختمان','', 1.000000  , 3 ),
  (121,'Risk ratings: high = No arrangements for hospital incident management exist; Average = Staff assigned to key hospital incident management positions but with no written procedures to operationalize its functions; low = Hospital incident management procedures exist and are fully operational with properly trained personnel to assume different coordination roles and responsibilities.','Risk ratings: high = No arrangements for hospital incident management exist; Average = Staff assigned to key hospital incident management positions but with no written procedures to operationalize its functions; low = Hospital incident management procedures exist and are fully operational with properly trained personnel to assume different coordination roles and responsibilities.','F11','https://unhabitat.org/iran/','سیستم فرماندهی بحران در مرکز درمانی','', 1.000000  , 7 ),
  (158,'Pre-field','تعیین سطح بر اساس استعلام از سازمان ملی هواشناسی','F11','https://unhabitat.org/iran/','Coastal Flooding','سطح خطر سیلاب ساحلی', 1.000000  , 13 ),
  (34,'Risk ratings: Low = safe installation considering seismic requirements; Average = Safe installation without considering seismic requirements; High = poor installation even against service loads','Risk ratings: Low = safe installation considering seismic requirements; Average = Safe installation without considering seismic requirements; High = poor installation even against service loads','F11','https://unhabitat.org/iran/','وضعیت عناصر معماری داخلی مانند گچ بری ها','', 1.000000  , 3 ),
  (81,'Risk ratings: Low = safe installation considering seismic requirements; Average = Safe installation without considering seismic requirements; High = poor installation even against service loads','Risk ratings: Low = safe installation considering seismic requirements; Average = Safe installation without considering seismic requirements; High = poor installation even against service loads','F11','https://unhabitat.org/iran/','وضعیت سیستم دفع زباله جامد غیر آلوده','', 3.000000  , 5 ),
  (78,'Risk ratings: High = Documented procedures and maintenance/inspection records do not exist; Average = Documented procedures exist, maintenance/inspection records are up to date, personnel have been trained, but resources are not available; Low = Documented procedures exist, maintenance/inspection records are up to date, personnel have been trained, and resources are in place for implementing emergency maintenance and restoration.','Risk ratings: High = Documented procedures and maintenance/inspection records do not exist; Average = Documented procedures exist, maintenance/inspection records are up to date, personnel have been trained, but resources are not available; Low = Documented procedures exist, maintenance/inspection records are up to date, personnel have been trained, and resources are in place for implementing emergency maintenance and restoration.','F11','https://unhabitat.org/iran/','وضعیت تعمیر و نگهداری سیستم اطفاء حریق','', 3.000000  , 5 ),
  (17,'Risk ratings: High = Low structural resilience to hazards present at the site of the hospital; Average = Satisfactory structural resilience (taking account of structural risk reduction measures in place); Low = Good structural resilience (taking account of risk reduction measures in place).','Risk ratings: High = Low structural resilience to hazards present at the site of the hospital; Average = Satisfactory structural resilience (taking account of structural risk reduction measures in place); Low = Good structural resilience (taking account of risk reduction measures in place).','F11','https://unhabitat.org/iran/',' ایمنی سازه در برابر سیلاب','', 3.000000  , 2 ),
  (145,'Risk ratings: high = Space for expansion has not been identified; Average = Space has been identified; equipment, supplies and procedures are available to carry out the expansion and staff have been trained, but testing has not been conducted; low = Procedures exist and have been tested, personnel have been trained, and equipment, supplies and other resources are available to carry out the expansion of space.','Risk ratings: high = Space for expansion has not been identified; Average = Space has been identified; equipment, supplies and procedures are available to carry out the expansion and staff have been trained, but testing has not been conducted; low = Procedures exist and have been tested, personnel have been trained, and equipment, supplies and other resources are available to carry out the expansion of space.','F11','https://unhabitat.org/iran/','امکان توسعه فضا برای تعداد مصدومان بسیار زیاد ناشی از سوانح','', 1.000000  , 11 ),
  (161,'Pre-field','تعیین سطح بر اساس استعلام از سازمان زمین شناسی و اکتشافات معدنی','F11','https://unhabitat.org/iran/','Landslide','سطح خطر زمین لغزش', 1.000000  , 13 ),
  (152,'Risk ratings: high = Plan does not exist or exists only as a document; Average = Plan exists and personnel have been trained in procedures, but tests are not conducted regularly; low = Plan exists, personnel have been trained, and evacuation drills are held at least annually.','Risk ratings: high = Plan does not exist or exists only as a document; Average = Plan exists and personnel have been trained in procedures, but tests are not conducted regularly; low = Plan exists, personnel have been trained, and evacuation drills are held at least annually.','F11','https://unhabitat.org/iran/','وجود برنامه تخلیه اظطراری','', 1.000000  , 12 ),
  (19,'Risk ratings: High = No evidence of fire proofing ; Average = Fire proofing of structural elements of lateral resisting system; Low = Full fire proofing of structural elements','Risk ratings: High = No evidence of fire proofing ; Average = Fire proofing of structural elements of lateral resisting system; Low = Full fire proofing of structural elements','F11','https://unhabitat.org/iran/',' ضد حریق بودن عناصر سازه ای','', 3.000000  , 2 ),
  (147,'Risk ratings: high = Nonexistent; Average = Supply covers less than 72 hours of maximum hospital capacity; low = Supply guaranteed for at least 72 hours of maximum hospital capacity.','Risk ratings: high = Nonexistent; Average = Supply covers less than 72 hours of maximum hospital capacity; low = Supply guaranteed for at least 72 hours of maximum hospital capacity.','F11','https://unhabitat.org/iran/','پیش بینی کارت تریاژ و سایر ملزومات برای سوانح با ابعاد بزرگ','', 1.000000  , 11 ),
  (143,'Risk ratings: high = Procedures do not exist or exist only as a document; Average = Procedures exist, personnel have been trained but would not be available at all times; low = Procedures exist, personnel have been trained, and resources are available to implement procedures at maximum hospital capacity for emergency and disaster situations at all times.','Risk ratings: high = Procedures do not exist or exist only as a document; Average = Procedures exist, personnel have been trained but would not be available at all times; low = Procedures exist, personnel have been trained, and resources are available to implement procedures at maximum hospital capacity for emergency and disaster situations at all times.','F11','https://unhabitat.org/iran/','تداوم خدمات حیاتی و اورژانسی در حین بحران','', 1.000000  , 11 ),
  (95,'Risk ratings: Low = safe installation considering seismic requirements; Average = Safe installation without considering seismic requirements; High = poor installation even against service loads','Risk ratings: Low = safe installation considering seismic requirements; Average = Safe installation without considering seismic requirements; High = poor installation even against service loads','F11','https://unhabitat.org/iran/','وضعیت تکیه گاهی داکت ها و لوله کشی های مرتبط به ویژه در عبور از درزهای انبساط','', 3.000000  , 5 ),
  (36,'Risk ratings: Low = safe installation considering seismic requirements; Average = Safe installation without considering seismic requirements; High = poor installation even against service loads','Risk ratings: Low = safe installation considering seismic requirements; Average = Safe installation without considering seismic requirements; High = poor installation even against service loads','F11','https://unhabitat.org/iran/','وضعیت سقف کاذب ','', 1.000000  , 3 ),
  (56,'Risk ratings: Low = safe installation considering seismic requirements; Average = Safe installation without considering seismic requirements; High = poor installation even against service loads','Risk ratings: Low = safe installation considering seismic requirements; Average = Safe installation without considering seismic requirements; High = poor installation even against service loads','F11','https://unhabitat.org/iran/','وضعیت شبکه داخلی بیمارستان از نقطه نظر ارتباطات مخابراتی','', 3.000000  , 5 ),
  (94,'Risk ratings: Low = safe installation considering seismic requirements; Average = Safe installation without considering seismic requirements; High = poor installation even against service loads','Risk ratings: Low = safe installation considering seismic requirements; Average = Safe installation without considering seismic requirements; High = poor installation even against service loads','F11','https://unhabitat.org/iran/','وضعیت دیگ بخار و دودکش سیستم گرمایش و سرمایش ','', 3.000000  , 5 ),
  (156,'Risk ratings: high = The hospital does not have a computer security system plan and procedures in place; Average = The hospital has a basic cyber security plan in place but it is not monitored and updated regularly; low = The hospital has a cyber security plan in place and it is updated regularly.','Risk ratings: high = The hospital does not have a computer security system plan and procedures in place; Average = The hospital has a basic cyber security plan in place but it is not monitored and updated regularly; low = The hospital has a cyber security plan in place and it is updated regularly.','F11','https://unhabitat.org/iran/','امنیت سیستم شبکه رایانه ای','', 1.000000  , 12 ),
  (116,'Risk ratings: Low = safe installation considering seismic requirements; Average = Safe installation without considering seismic requirements; High = poor installation even against service loads','Risk ratings: Low = safe installation considering seismic requirements; Average = Safe installation without considering seismic requirements; High = poor installation even against service loads','F11','https://unhabitat.org/iran/','وضعیت تجهیزات احیاء قلبی','', 3.000000  , 6 ),
  (144,'Risk ratings: high = Procedures do not exist or exist only as a document; Average = Procedures exist and personnel have been trained but would not be available at all times; low = Procedures exist, personnel have been trained, and resources are available to implement procedures at maximum hospital capacity for emergency and disaster situations at all times.','Risk ratings: high = Procedures do not exist or exist only as a document; Average = Procedures exist and personnel have been trained but would not be available at all times; low = Procedures exist, personnel have been trained, and resources are available to implement procedures at maximum hospital capacity for emergency and disaster situations at all times.','F11','https://unhabitat.org/iran/','تداوم خدمات بالینی در حین بحران','', 1.000000  , 11 ),
  (71,'Risk ratings: Low = safe installation considering seismic requirements; Average = Safe installation without considering seismic requirements; High = poor installation even against service loads','Risk ratings: Low = safe installation considering seismic requirements; Average = Safe installation without considering seismic requirements; High = poor installation even against service loads','F11','https://unhabitat.org/iran/','وضعیت کمربندها یا پایه های نگهدارنده لوله ها','', 3.000000  , 5 ),
  (138,'Risk ratings: high = A designated space and measures do not exist; Average = Space has been designated, but measures cover less than 72 hours; low = Measures are ensured for at least 72 hours.','Risk ratings: high = A designated space and measures do not exist; Average = Space has been designated, but measures cover less than 72 hours; low = Measures are ensured for at least 72 hours.','F11','https://unhabitat.org/iran/','سلامت کارکنان در حین بحران','', 1.000000  , 9 ),
  (69,'Risk ratings: Low = safe construction considering seismic requirements; Average = Safe construction without considering seismic requirements; High = poor construction even against service loads','Risk ratings: Low = safe construction considering seismic requirements; Average = Safe construction without considering seismic requirements; High = poor construction even against service loads','F11','https://unhabitat.org/iran/','وضعیت پایداری سازه ای چاه آب','', 3.000000  , 5 ),
  (4,'Risk ratings: High = Cracks/corrosion on the components of seismic resisting system; Major deterioration caused by weathering or normal ageing; Average = Some levels of cracking and deterioration on the elements of vertical load resisting system; Low = No deterioration or cracks observed.','Risk ratings: High = Cracks/corrosion on the components of seismic resisting system; Major deterioration caused by weathering or normal ageing; Average = Some levels of cracking and deterioration on the elements of vertical load resisting system; Low = No deterioration or cracks observed.','F11','https://unhabitat.org/iran/','میزان آسیب سازه در شرایط موجود','', 3.000000  , 2 ),
  (90,'Risk ratings: Low = safe installation considering seismic requirements; Average = Safe installation without considering seismic requirements; High = poor installation even against service loads','Risk ratings: Low = safe installation considering seismic requirements; Average = Safe installation without considering seismic requirements; High = poor installation even against service loads','F11','https://unhabitat.org/iran/','وضعیت سیستم توزیع گازها مانند لوله ها، شیرها و اتصالات','', 3.000000  , 5 ),
  (92,'Risk ratings: High = Documented procedures and maintenance/inspection records do not exist; Average = Documented procedures exist, maintenance/inspection records are up to date, personnel have been trained, but resources are not available; Low = Documented procedures exist, maintenance/inspection records are up to date, personnel have been trained, and resources are in place for implementing emergency maintenance and restoration.','Risk ratings: High = Documented procedures and maintenance/inspection records do not exist; Average = Documented procedures exist, maintenance/inspection records are up to date, personnel have been trained, but resources are not available; Low = Documented procedures exist, maintenance/inspection records are up to date, personnel have been trained, and resources are in place for implementing emergency maintenance and restoration.','F11','https://unhabitat.org/iran/','وضعیت تعمیر و نگهداری گازهای پزشکی','', 3.000000  , 5 ),
  (60,'Risk ratings: Low = safe installation considering seismic requirements; Average = Safe installation without considering seismic requirements; High = poor installation even against service loads','Risk ratings: Low = safe installation considering seismic requirements; Average = Safe installation without considering seismic requirements; High = poor installation even against service loads','F11','https://unhabitat.org/iran/','وضعیت سیستم توزیع آب در بیمارستان','', 3.000000  , 5 ),
  (70,'Risk ratings: Low = provision of atleast one support in mid span for pipes longer tjan 3 m without strauctural contact with other adjacent pipes; Average = lack of atleast one support in mid span for pipes longer tjan 3 m with   strauctural contact with other adjacent; High = lack of atleast one support in mid span for pipes longer tjan 3 m and strauctural contact with other adjacent','Risk ratings: Low = provision of atleast one support in mid span for pipes longer tjan 3 m without strauctural contact with other adjacent pipes; Average = lack of atleast one support in mid span for pipes longer tjan 3 m with   strauctural contact with other adjacent; High = lack of atleast one support in mid span for pipes longer tjan 3 m and strauctural contact with other adjacent','F11','https://unhabitat.org/iran/','وضعیت تعداد و آرایش تکیه گاههای پیش بینی شده برای لوله ها','', 3.000000  , 5 ),
  (159,'Pre-field','تعیین سطح بر اساس استعلام از سازمان ملی هواشناسی','F11','https://unhabitat.org/iran/','Flash Flooding','سطح خطر سیلاب برق آسا (سریع)', 1.000000  , 13 ),
  (79,'Risk ratings: Low = without leakage; Average = slow rate of leakage; High = severe leakage affecting the longterm performance','Risk ratings: Low = without leakage; Average = slow rate of leakage; High = severe leakage affecting the longterm performance','F11','https://unhabitat.org/iran/','وضعیت نشت از سیستم آب غیر آلوده','', 3.000000  , 5 ),
  (99,'Risk ratings: Low = safe installation considering seismic requirements; Average = Safe installation without considering seismic requirements; High = poor installation even against service loads','Risk ratings: Low = safe installation considering seismic requirements; Average = Safe installation without considering seismic requirements; High = poor installation even against service loads','F11','https://unhabitat.org/iran/','وضعیت قفسه ها و محتویات ','', 3.000000  , 6 ),
  (25,'Risk ratings: Low =  (fullfilment of Standard No. 2800 requirements); Average =(fullfilment of atleast 50% of Standard No. 2800 requirements); ; High = (fullfilment of less than 50% of Standard No. 2800 requirements).','Risk ratings: Low =  (fullfilment of Standard No. 2800 requirements); Average =(fullfilment of atleast 50% of Standard No. 2800 requirements); ; High = (fullfilment of less than 50% of Standard No. 2800 requirements).','F11','https://unhabitat.org/iran/','اجرای میانقابها در تطبیق با فرضیات طراحی','', 3.000000  , 2 ),
  (48,'Risk ratings: High = No electrical substations installed for hospital demands; Average = Substations installed; some measures provide partial protection, but would be vulnerable to damage or disruption, do not provide enough power to the hospital; Low = Electrical substations installed, well-protected, and provide enough power to the hospital in an emergency or disaster.','Risk ratings: High = No electrical substations installed for hospital demands; Average = Substations installed; some measures provide partial protection, but would be vulnerable to damage or disruption, do not provide enough power to the hospital; Low = Electrical substations installed, well-protected, and provide enough power to the hospital in an emergency or disaster.','F11','https://unhabitat.org/iran/','وضعیت سیستم های برقی نصب شده در خارج ساختمان بیمارستان','', 3.000000  , 5 ),
  (117,'Risk ratings: high = Committee does not exist, or 1–3 departments or disciplines represented; Average = Committee exists with 4–5 departments or disciplines represented, but is not fulfilling functions effectively; low = Committee exists with 6 or more departments or disciplines represented and is fulfilling functions effectively.','Risk ratings: high = Committee does not exist, or 1–3 departments or disciplines represented; Average = Committee exists with 4–5 departments or disciplines represented, but is not fulfilling functions effectively; low = Committee exists with 6 or more departments or disciplines represented and is fulfilling functions effectively.','F11','https://unhabitat.org/iran/','کمیته مدیریت بحران در مرکز درمانی','', 1.000000  , 7 ),
  (68,'Risk ratings: Low = use of Flexible pipe couplings in all connections; Average = use of Flexible pipe couplings just in outlets; High = no use of use of Flexible pipe couplings in all connections','Risk ratings: Low = use of Flexible pipe couplings in all connections; Average = use of Flexible pipe couplings just in outlets; High = no use of use of Flexible pipe couplings in all connections','F11','https://unhabitat.org/iran/','وضعیت به کارگیری اتصالات انعطاف پذیر ','', 3.000000  , 5 ),
  (6,'Risk ratings: High = Partition walls rigidly attached to the structure, suspended ceilings or facades interacting with the structures, damage would have significant effect on the structure; Average = Some of the preceding nonstructural elements interacting with the structures, damage would not affect the structure; Low = There are no nonstructural elements affecting the structure.','Risk ratings: High = Partition walls rigidly attached to the structure, suspended ceilings or facades interacting with the structures, damage would have significant effect on the structure; Average = Some of the preceding nonstructural elements interacting with the structures, damage would not affect the structure; Low = There are no nonstructural elements affecting the structure.','F11','https://unhabitat.org/iran/',' اندرکنش اجزای غیر سازه ای با سازه','', 3.000000  , 2 ),
  (39,'Risk ratings: High = Access routes subject to obstacles and damage that would impede access and the function of other elements, systems or operations; Average = Access routes subject to some obstacles and damage that would not impede access and function; Low = No or minor potential for obstacles or damage that would impede access and the function of other elements, systems or operations.','Risk ratings: High = Access routes subject to obstacles and damage that would impede access and the function of other elements, systems or operations; Average = Access routes subject to some obstacles and damage that would not impede access and function; Low = No or minor potential for obstacles or damage that would impede access and the function of other elements, systems or operations.','F11','https://unhabitat.org/iran/','وضعیت مسیرهای دسترسی به واحد درمانی','', 2.000000  , 4 ),
  (59,'Risk ratings: Low = safe installation considering seismic requirements; Average = Safe installation without considering seismic requirements; High = poor installation even against service loads','Risk ratings: Low = safe installation considering seismic requirements; Average = Safe installation without considering seismic requirements; High = poor installation even against service loads','F11','https://unhabitat.org/iran/','وضعیت محل استقرار مخازن آب','', 3.000000  , 5 ),
  (89,'Risk ratings: High = No sites reserved for medical gases, or sites for medical gases are at high risk of failure due to hazards; there are no protective measures, and storage is not accessible; Average = Reserved areas in fair condition and fair location; some measures provide partial protection; Low = In good condition, well-secured and other protective measures are in place; storage is accessible.','Risk ratings: High = No sites reserved for medical gases, or sites for medical gases are at high risk of failure due to hazards; there are no protective measures, and storage is not accessible; Average = Reserved areas in fair condition and fair location; some measures provide partial protection; Low = In good condition, well-secured and other protective measures are in place; storage is accessible.','F11','https://unhabitat.org/iran/','وضعیت جانمایی سیلندرهای دخیره گاز','', 3.000000  , 5 ),
  (150,'Risk ratings: high = Procedures do not exist or exist only as a document; Average = Procedures exist and personnel have been trained, but the level of resources required for emergency and disaster situations is not available; low = Procedures exist, personnel have been trained, and resources are available for implementation of procedures at maximum hospital capacity in emergency and disaster situations.','Risk ratings: high = Procedures do not exist or exist only as a document; Average = Procedures exist and personnel have been trained, but the level of resources required for emergency and disaster situations is not available; low = Procedures exist, personnel have been trained, and resources are available for implementation of procedures at maximum hospital capacity in emergency and disaster situations.','F11','https://unhabitat.org/iran/','خدمات روانشناسی','', 1.000000  , 11 ),
  (106,'Risk ratings: Low = safe installation considering seismic requirements; Average = Safe installation without considering seismic requirements; High = poor installation even against service loads','Risk ratings: Low = safe installation considering seismic requirements; Average = Safe installation without considering seismic requirements; High = poor installation even against service loads','F11','https://unhabitat.org/iran/','وضعیت تجهیزات و محتویات داروخانه','', 3.000000  , 6 ),
  (10,'Risk ratings: Low = No evidence of fault in connections reducing the seismic capacity; Average = fault in connections resulting potentially in reduction of seismic capacity less than 10%; High = fault in connections resulting in the reduction of seismic capacity more than 10%','Risk ratings: Low = No evidence of fault in connections reducing the seismic capacity; Average = fault in connections resulting potentially in reduction of seismic capacity less than 10%; High = fault in connections resulting in the reduction of seismic capacity more than 10%','F11','https://unhabitat.org/iran/',' کیفیت اتصالات سازه','', 3.000000  , 2 ),
  (125,'Risk ratings: high = Plan is not documented; Average = Documented plan is complete, but is not easily accessible, not up to date (more than 12 months since the last update); low = Plan is complete, easily accessible, reviewed/updated at least annually, and resources are available to implement the plan.','Risk ratings: high = Plan is not documented; Average = Documented plan is complete, but is not easily accessible, not up to date (more than 12 months since the last update); low = Plan is complete, easily accessible, reviewed/updated at least annually, and resources are available to implement the plan.','F11','https://unhabitat.org/iran/','برنامه پاسخ به سوانح و بحرانها در مرکز درمانی','', 1.000000  , 7 ),
  (133,'Risk ratings: high = Procedures for emergency situations do not exist; Average = Procedures for emergency situations exist and personnel have been trained but no resources are available; low = Procedures for emergency situations exist, personnel have been trained, and resources are in place for implementation.','Risk ratings: high = Procedures for emergency situations do not exist; Average = Procedures for emergency situations exist and personnel have been trained but no resources are available; low = Procedures for emergency situations exist, personnel have been trained, and resources are in place for implementation.','F11','https://unhabitat.org/iran/','سیستم مدیریت اطلاعات بیماران','', 1.000000  , 8 ),
  (16,'Risk ratings: Low = Monopitch or flat light roofs, and/or large roof overhangs; Average = Pre-stressed concrete roof, gable roof with gentle slope, satisfactorily connected, no large roof overhangs; High = Reinforced cast in place on concrete roof deck or hipped light roof, satisfactory connections, no large roof overhangs.','Risk ratings: Low = Monopitch or flat light roofs, and/or large roof overhangs; Average = Pre-stressed concrete roof, gable roof with gentle slope, satisfactorily connected, no large roof overhangs; High = Reinforced cast in place on concrete roof deck or hipped light roof, satisfactory connections, no large roof overhangs.','F11','https://unhabitat.org/iran/','کفایت باربری سقف ها از دیدگاه بهره برداری و باربری ثقلی','', 3.000000  , 2 ),
  (115,'Risk ratings: Low = safe installation considering seismic requirements; Average = Safe installation without considering seismic requirements; High = poor installation even against service loads','Risk ratings: Low = safe installation considering seismic requirements; Average = Safe installation without considering seismic requirements; High = poor installation even against service loads','F11','https://unhabitat.org/iran/','وضعیت تجهیزات پشتیبان حیات','', 3.000000  , 6 ),
  (50,'Risk ratings: Low = safe installation considering seismic requirements; Average = Safe installation without considering seismic requirements; High = poor installation even against service loads','Risk ratings: Low = safe installation considering seismic requirements; Average = Safe installation without considering seismic requirements; High = poor installation even against service loads','F11','https://unhabitat.org/iran/','وضعیت آنتن های مخابراتی','', 3.000000  , 5 ),
  (64,'Risk ratings: Low = Distance from causing factors more than 30 m ; Average = Distance from causing factors more between 10 to 30 m; High = Distance from causing factors less than 10 m','Risk ratings: Low = Distance from causing factors more than 30 m ; Average = Distance from causing factors more between 10 to 30 m; High = Distance from causing factors less than 10 m','F11','https://unhabitat.org/iran/','پتانسیل گل آلود شدن آب در اثر مخاطرات طبیعی و انسان ساز','', 3.000000  , 5 ),
  (80,'Risk ratings: Low = no leakage; Average = slow rate of leakage just in points not exposed to the residents; High = severe rate of leakage or leakage in points exposed to the residents','Risk ratings: Low = no leakage; Average = slow rate of leakage just in points not exposed to the residents; High = severe rate of leakage or leakage in points exposed to the residents','F11','https://unhabitat.org/iran/','وضعیت نشت از سیستم آب آلوده','', 3.000000  , 5 ),
  (85,'Risk ratings: Low = safe installation considering seismic requirements; Average = Safe installation without considering seismic requirements; High = poor installation even against service loads','Risk ratings: Low = safe installation considering seismic requirements; Average = Safe installation without considering seismic requirements; High = poor installation even against service loads','F11','https://unhabitat.org/iran/','وضعیت  مخازن سوخت بالاتر از سطح زمین','', 3.000000  , 5 ),
  (86,'Risk ratings: Low = Distance from adjacent medical buildings  more than 25 m ; Average = Distance from  adjacent medical buildings between 10 to 25 m; High = Distance from causing factors less than 10 m','Risk ratings: Low = Distance from adjacent medical buildings  more than 25 m ; Average = Distance from  adjacent medical buildings between 10 to 25 m; High = Distance from causing factors less than 10 m','F11','https://unhabitat.org/iran/','وضعیت جانمایی مخازن سوخت با توجه با پتانسیل ایجاد ریسک برای بیمارستان','', 3.000000  , 5 ),
  (73,'Risk ratings: Low = seperation with flixable joints in all cases; Average = seperation with flixable joints in atleast 50 % of cases; High = seperation with flixale joints in less than 50 % of cases','Risk ratings: Low = seperation with flixable joints in all cases; Average = seperation with flixable joints in atleast 50 % of cases; High = seperation with flixale joints in less than 50 % of cases','F11','https://unhabitat.org/iran/','وضعیت استقرار ورودی و خروجی پمپها از دیدگاه برهم کنش سازه ای','', 3.000000  , 5 ),
  (113,'Risk ratings: Low = safe installation considering seismic requirements; Average = Safe installation without considering seismic requirements; High = poor installation even against service loads','Risk ratings: Low = safe installation considering seismic requirements; Average = Safe installation without considering seismic requirements; High = poor installation even against service loads','F11','https://unhabitat.org/iran/','وضعیت تجهیزات و مواد مورد استفاده به طور تخصصی در هنگام بحران','', 3.000000  , 6 ),
  (44,'Risk ratings: Low = safe installation considering seismic requirements; Average = Safe installation without considering seismic requirements; High = poor installation even against service loads','Risk ratings: Low = safe installation considering seismic requirements; Average = Safe installation without considering seismic requirements; High = poor installation even against service loads','F11','https://unhabitat.org/iran/','وضعیت کابل ها و تاسیسات برقی و کانالهای دسترسی به آنها','', 3.000000  , 5 ),
  (67,'Risk ratings: Low = safe installation considering seismic requirements; Average = Safe installation without considering seismic requirements; High = poor installation even against service loads','Risk ratings: Low = safe installation considering seismic requirements; Average = Safe installation without considering seismic requirements; High = poor installation even against service loads','F11','https://unhabitat.org/iran/','وضعیت تکیه گاههای سیستم لوله کشی آب','', 3.000000  , 5 ),
  (33,'Risk ratings: Low = safe installation considering seismic requirements; Average = Safe installation without considering seismic requirements; High = poor installation even against service loads','Risk ratings: Low = safe installation considering seismic requirements; Average = Safe installation without considering seismic requirements; High = poor installation even against service loads','F11','https://unhabitat.org/iran/','وضعیت  دیوارهای پیرامونی محوطه','', 1.000000  , 3 ),
  (135,'Risk ratings: high = Less than 50% of staff are available to run each department adequately; Average = 50−80% of staff are available; low = 80−100% of staff are available.','Risk ratings: high = Less than 50% of staff are available to run each department adequately; Average = 50−80% of staff are available; low = 80−100% of staff are available.','F11','https://unhabitat.org/iran/','میزان در دسترس بودن کارکنان مرکز درمانی','', 1.000000  , 9 ),
  (2,'Risk ratings: High = Major remodelling or modifications have been carried out with major compromising effect on the performance of the structure or if no as-is plan available; Average = Moderate remodelling and/or modifications with minor effect on the performance of the structure; Low = Minor remodelling and/or modifications; no modifications were carried out; or major remodelling and/or modification enhancing the structural behaviour or having no negative effect.','Risk ratings: High = Major remodelling or modifications have been carried out with major compromising effect on the performance of the structure or if no as-is plan available; Average = Moderate remodelling and/or modifications with minor effect on the performance of the structure; Low = Minor remodelling and/or modifications; no modifications were carried out; or major remodelling and/or modification enhancing the structural behaviour or having no negative effect.','F11','https://unhabitat.org/iran/','تغییر شرایط سازه ای موجود نسبت به فرضیات طراحی (قیاس نقشه های چون ساخت با شرایط موجود)','', 2.000000  , 1 ),
  (35,'Risk ratings: Low = safe installation considering seismic requirements; Average = Safe installation without considering seismic requirements; High = poor installation even against service loads','Risk ratings: Low = safe installation considering seismic requirements; Average = Safe installation without considering seismic requirements; High = poor installation even against service loads','F11','https://unhabitat.org/iran/','وضعیت پارتیشن ها و دیوارهای داخلی ','', 1.000000  , 3 ),
  (100,'Risk ratings: Low = safe installation considering seismic requirements; Average = Safe installation without considering seismic requirements; High = poor installation even against service loads','Risk ratings: Low = safe installation considering seismic requirements; Average = Safe installation without considering seismic requirements; High = poor installation even against service loads','F11','https://unhabitat.org/iran/','وضعیت استقرار رایانه ها و چاپگرها','', 3.000000  , 6 ),
  (91,'Risk Ratings: high = Alternative sources are not available; Average = Alternative sources in place but delivery of supplies takes longer than 15 days; low = Sufficient alternative sources are available at short notice (less than 15 days).','Risk Ratings: high = Alternative sources are not available; Average = Alternative sources in place but delivery of supplies takes longer than 15 days; low = Sufficient alternative sources are available at short notice (less than 15 days).','F11','https://unhabitat.org/iran/','وضعیت سیستم های پشتیبان گازهای پزشکی','', 3.000000  , 5 ),
  (63,'Risk ratings: High = Documented procedures and maintenance/inspection records do not exist; Average = Documented procedures exist, maintenance/inspection records are up to date, personnel have been trained, but resources are not available; Low = Documented procedures exist, maintenance/inspection records are up to date, personnel have been trained, and resources are in place for implementing emergency maintenance and restoration.','Risk ratings: High = Documented procedures and maintenance/inspection records do not exist; Average = Documented procedures exist, maintenance/inspection records are up to date, personnel have been trained, but resources are not available; Low = Documented procedures exist, maintenance/inspection records are up to date, personnel have been trained, and resources are in place for implementing emergency maintenance and restoration.','F11','https://unhabitat.org/iran/','وضعیت تعمیر و نگهداری سیستم آبرسانی در شرایط اضطرار','', 3.000000  , 5 ),
  (104,'Risk ratings: Low = safe installation considering seismic requirements; Average = Safe installation without considering seismic requirements; High = poor installation even against service loads','Risk ratings: Low = safe installation considering seismic requirements; Average = Safe installation without considering seismic requirements; High = poor installation even against service loads','F11','https://unhabitat.org/iran/','وضعیت تجهیزات واحد اورژانس','', 3.000000  , 6 ),
  (165,'Pre-field','تعیین سطح بر اساس استعلام از سازمان آتش نشانی شهر ساختگاه','F11','https://unhabitat.org/iran/','Wild Fire','سطح خطر آتش سوزی طبیعی', 1.000000  , 13 ),
  (126,'Risk ratings: high = Hazard-specific response subplans are not documented; Average = Documented plans are complete but not easily accessible, not up to date (more than 12 months since last review/update); low = Documented plans are complete, reviewed/updated at least annually, and resources are available to implement the plans.','Risk ratings: high = Hazard-specific response subplans are not documented; Average = Documented plans are complete but not easily accessible, not up to date (more than 12 months since last review/update); low = Documented plans are complete, reviewed/updated at least annually, and resources are available to implement the plans.','F11','https://unhabitat.org/iran/','برنامه تفصیلی برای هر یک از مخاطرات محتمل در مرکز درمانی','', 1.000000  , 7 ),
  (72,'Risk ratings: Low = safe installation considering seismic requirements; Average = Safe installation without considering seismic requirements; High = poor installation even against service loads','Risk ratings: Low = safe installation considering seismic requirements; Average = Safe installation without considering seismic requirements; High = poor installation even against service loads','F11','https://unhabitat.org/iran/','وضعیت تکیه گاههای پمپ ها','', 3.000000  , 5 ),
  (87,'Risk ratings: Low = safe installation considering seismic requirements; Average = Safe installation without considering seismic requirements; High = poor installation even against service loads','Risk ratings: Low = safe installation considering seismic requirements; Average = Safe installation without considering seismic requirements; High = poor installation even against service loads','F11','https://unhabitat.org/iran/','وضعیت سیستم توزیع سوخت شامل شیرها، شلنگ ها و اتصالات','', 3.000000  , 5 ),
  (129,'Risk ratings: high = Recovery plan is not documented; Average = Documented plan is complete but not easily accessible, not up to date (more than 12 months since last review/update); low = Documented plan is complete, easily accessible, and reviewed/updated at least annually.','Risk ratings: high = Recovery plan is not documented; Average = Documented plan is complete but not easily accessible, not up to date (more than 12 months since last review/update); low = Documented plan is complete, easily accessible, and reviewed/updated at least annually.','F11','https://unhabitat.org/iran/','برنامه کلی بازیابی بیمارستان','', 1.000000  , 7 ),
  (102,'Risk ratings: Low = safe installation considering seismic requirements; Average = Safe installation without considering seismic requirements; High = poor installation even against service loads','Risk ratings: Low = safe installation considering seismic requirements; Average = Safe installation without considering seismic requirements; High = poor installation even against service loads','F11','https://unhabitat.org/iran/','وضعیت تجهیزات رادیولوژی و رادیو گرافی','', 3.000000  , 6 ),
  (154,'Risk ratings: high = No personal protective equipment is available for immediate use by hospital staff, or no isolation area exists; Average = Supply is available for immediate use, but is sufficient for less than 72 hours of maximum hospital capacity, isolation areas are established, staff training and testing of procedures are not conducted annually; low = Supply is guaranteed for at least 72 hours of maximum hospital capacity and alternate sources are in place for resupply, isolation areas are established, staff training and testing of procedures are conducted at least annually.','Risk ratings: high = No personal protective equipment is available for immediate use by hospital staff, or no isolation area exists; Average = Supply is available for immediate use, but is sufficient for less than 72 hours of maximum hospital capacity, isolation areas are established, staff training and testing of procedures are not conducted annually; low = Supply is guaranteed for at least 72 hours of maximum hospital capacity and alternate sources are in place for resupply, isolation areas are established, staff training and testing of procedures are conducted at least annually.','F11','https://unhabitat.org/iran/','تجهیزات حفاظت فردی و قرنطینه برای بیماری های عفونی و واگیردار','', 1.000000  , 12 ),
  (43,'Risk ratings: Low = safe installation considering seismic requirements; Average = Safe installation without considering seismic requirements; High = poor installation even against service loads','Risk ratings: Low = safe installation considering seismic requirements; Average = Safe installation without considering seismic requirements; High = poor installation even against service loads','F11','https://unhabitat.org/iran/','وضعیت فنی ژنراتورها ','', 3.000000  , 5 ),
  (105,'Risk ratings: Low = safe installation considering seismic requirements; Average = Safe installation without considering seismic requirements; High = poor installation even against service loads','Risk ratings: Low = safe installation considering seismic requirements; Average = Safe installation without considering seismic requirements; High = poor installation even against service loads','F11','https://unhabitat.org/iran/','وضعیت تجهیزات بخشهای درمانی غیر اورژانس','', 3.000000  , 6 ),
  (140,'Risk ratings: high = Ambulances and other vehicles and modes of transportation are not available; Average = Some vehicles are available, but not in sufficient numbers for a major emergency or disaster; low = Appropriate vehicles in sufficient numbers are available during emergencies/disasters.','Risk ratings: high = Ambulances and other vehicles and modes of transportation are not available; Average = Some vehicles are available, but not in sufficient numbers for a major emergency or disaster; low = Appropriate vehicles in sufficient numbers are available during emergencies/disasters.','F11','https://unhabitat.org/iran/','تامین حمل و نقل در حین بحران','', 1.000000  , 10 ),
  (163,'Pre-field','تعیین سطح بر اساس تعیین سطح آب زیرزمینی و جنس خاک ساختگاه مستخرج از گزارش مطالعات ژئوتکنیک','F11','https://unhabitat.org/iran/','Liquifaction','سطح خطر روانگرائی', 1.000000  , 13 ),
  (12,'Risk ratings: High = No evidence that foundations were designed according to standards (foundation size, soil survey) and/or there is evidence of damage; no plans are available; Average = Little evidence (drawings, soil survey) that foundations were designed according to standards; and/or there is evidence for moderate damage; Low = Strong evidence that foundations were designed according to standards with strong evidence of no damage.','Risk ratings: High = No evidence that foundations were designed according to standards (foundation size, soil survey) and/or there is evidence of damage; no plans are available; Average = Little evidence (drawings, soil survey) that foundations were designed according to standards; and/or there is evidence for moderate damage; Low = Strong evidence that foundations were designed according to standards with strong evidence of no damage.','F11','https://unhabitat.org/iran/',' آسیب پذیری فونداسیونها','', 3.000000  , 2 ),
  (164,'Pre-field','تعیین سطح بر اساس گزارش مطالعات ژئوتکنیک','F11','https://unhabitat.org/iran/','Slope Unstability','سطح خطر ناپایداری شیب', 1.000000  , 13 ),
  (61,'Risk ratings: Low = safe installation considering seismic requirements; Average = Safe installation without considering seismic requirements; High = poor installation even against service loads','Risk ratings: Low = safe installation considering seismic requirements; Average = Safe installation without considering seismic requirements; High = poor installation even against service loads','F11','https://unhabitat.org/iran/','وضعیت سیستم جایگزین تامین آب در بیمارستان','', 3.000000  , 5 ),
  (103,'Risk ratings: Low = safe installation considering seismic requirements; Average = Safe installation without considering seismic requirements; High = poor installation even against service loads','Risk ratings: Low = safe installation considering seismic requirements; Average = Safe installation without considering seismic requirements; High = poor installation even against service loads','F11','https://unhabitat.org/iran/','وضعیت تجهیزات و محتویات آزمایشگاه','', 3.000000  , 6 ),
  (58,'Risk ratings: Low = safe installation considering seismic requirements; Average = Safe installation without considering seismic requirements; High = poor installation even against service loads','Risk ratings: Low = safe installation considering seismic requirements; Average = Safe installation without considering seismic requirements; High = poor installation even against service loads','F11','https://unhabitat.org/iran/','وضعیت منابع دخیره آب جهت خدمت رسانی و تداوم عملکردهای بیمارستانی','', 3.000000  , 5 ),
  (52,'Risk ratings: Low = safe installation considering seismic requirements; Average = Safe installation without considering seismic requirements; High = poor installation even against service loads','Risk ratings: Low = safe installation considering seismic requirements; Average = Safe installation without considering seismic requirements; High = poor installation even against service loads','F11','https://unhabitat.org/iran/','وضعیت سیستم های مخابراتی پشتیبان','', 3.000000  , 5 ),
  (123,'Risk ratings: high = No arrangements exist; Average = Arrangements exist but are not fully operational; low = Arrangements exist and are fully operational.','Risk ratings: high = No arrangements exist; Average = Arrangements exist but are not fully operational; low = Arrangements exist and are fully operational.','F11','https://unhabitat.org/iran/','پیش بینی فرایندهای هماهنگی و همکاری با نهادهای محلی مدیریت بحران','', 1.000000  , 7 ),
  (28,'Risk ratings: High = Major damage and no repairs completed; Average = Moderate damage, building only partially repaired; Low = Minor or no damage, or building fully repaired.','Risk ratings: High = Major damage and no repairs completed; Average = Moderate damage, building only partially repaired; Low = Minor or no damage, or building fully repaired.','F11','https://unhabitat.org/iran/','وجود آسیبهای جدی و تعمیر بخشهایی از عناصر غیر سازه ای','', 1.000000  , 3 ),
  (54,'Risk ratings: Low = safe installation considering seismic requirements; Average = Safe installation without considering seismic requirements; High = poor installation even against service loads','Risk ratings: Low = safe installation considering seismic requirements; Average = Safe installation without considering seismic requirements; High = poor installation even against service loads','F11','https://unhabitat.org/iran/','وضعیت شبکه ارتباط راه دور خارج از بیمارستان','', 3.000000  , 5 ),
  (136,'Risk ratings: high = Procedures do not exist or exist only in a document; Average = Procedures exist and personnel have been trained, but the human resources for an emergency situation are not available; low = Procedures exist, personnel have been trained, and the human resources are available to meet anticipated needs in an emergency.','Risk ratings: high = Procedures do not exist or exist only in a document; Average = Procedures exist and personnel have been trained, but the human resources for an emergency situation are not available; low = Procedures exist, personnel have been trained, and the human resources are available to meet anticipated needs in an emergency.','F11','https://unhabitat.org/iran/','استخدام و به کارگیری کارکنان در حین وقوع بحران','', 1.000000  , 9 ),
  (109,'Risk ratings: Low = safe installation considering seismic requirements; Average = Safe installation without considering seismic requirements; High = poor installation even against service loads','Risk ratings: Low = safe installation considering seismic requirements; Average = Safe installation without considering seismic requirements; High = poor installation even against service loads','F11','https://unhabitat.org/iran/','وضعیت تجهیزات تخصصی بخش سوختگی','', 3.000000  , 6 ),
  (101,'Risk ratings: Low = safe installation considering seismic requirements; Average = Safe installation without considering seismic requirements; High = poor installation even against service loads','Risk ratings: Low = safe installation considering seismic requirements; Average = Safe installation without considering seismic requirements; High = poor installation even against service loads','F11','https://unhabitat.org/iran/','وضعیت تجهیزات تخصصی اتاق عمل و اتاقهای ریکاوری','', 3.000000  , 6 ),
  (62,'Risk ratings: Low = safe installation considering seismic requirements; Average = Safe installation without considering seismic requirements; High = poor installation even against service loads','Risk ratings: Low = safe installation considering seismic requirements; Average = Safe installation without considering seismic requirements; High = poor installation even against service loads','F11','https://unhabitat.org/iran/','وضعیت سیستم پمپاژ پشتیبان ','', 3.000000  , 5 ),
  (1,'Risk ratings: High= Current building standards (Standard No.2800, 3th edition) not applied; Average = Current  standards partially applied  (Standard No.2800, 3th edition ); Low = Current Risk standards fully applied ( (Standard No.2800, 4th edition).','Risk ratings: High= Current building standards (Standard No.2800, 3th edition) not applied; Average = Current  standards partially applied  (Standard No.2800, 3th edition ); Low = Current Risk standards fully applied ( (Standard No.2800, 4th edition).','F11','https://unhabitat.org/iran/','طراحی یا مقاوم سازی سازه در تطبیق با آیین نامه های  به روز ','', 2.000000  , 1 ),
  (111,'Risk ratings: Low = safe installation considering seismic requirements; Average = Safe installation without considering seismic requirements; High = poor installation even against service loads','Risk ratings: Low = safe installation considering seismic requirements; Average = Safe installation without considering seismic requirements; High = poor installation even against service loads','F11','https://unhabitat.org/iran/','وضعیت دخایر دارویی','', 3.000000  , 6 ),
  (38,'Risk ratings: High = No protection measures taken; subject to damage, failure and disruption of critical services and hospital operations in emergencies and disasters; Average = Partial measures to protect critical services from local hazards are taken; subject to damage with some disruption of critical services and hospital operations in emergencies or disasters; Low = Many measures are taken to protect critical services; high probability that critical services and hospital will operate with no or limited disruption in emergencies and disasters.','Risk ratings: High = No protection measures taken; subject to damage, failure and disruption of critical services and hospital operations in emergencies and disasters; Average = Partial measures to protect critical services from local hazards are taken; subject to damage with some disruption of critical services and hospital operations in emergencies or disasters; Low = Many measures are taken to protect critical services; high probability that critical services and hospital will operate with no or limited disruption in emergencies and disasters.','F11','https://unhabitat.org/iran/','وضعیت  جانمایی تجهیزات خدمت رسانی بیمارستان از نقطه نظر مخاطرات موضعی','', 2.000000  , 4 ),
  (14,'Risk ratings: High = Significant discontinuous or irregular elements, significant variation in elevation of buildings; Average = Several discontinuous or irregular elements, some variation in the elevation of buildings; Low = No significant discontinuous or irregular elements, little or no variation in elevation of buildings.','Risk ratings: High = Significant discontinuous or irregular elements, significant variation in elevation of buildings; Average = Several discontinuous or irregular elements, some variation in the elevation of buildings; Low = No significant discontinuous or irregular elements, little or no variation in elevation of buildings.','F11','https://unhabitat.org/iran/','نامنظمی در ارتفاع ساختمانها','', 3.000000  , 2 ),
  (137,'Risk ratings: high = Emergency assignments do not exist or are not documented; Average = Duties are identified, some (but not all) personnel receive written assignments or training; low = Written duties are assigned, and training or an exercise is conducted for all personnel at least annually.','Risk ratings: high = Emergency assignments do not exist or are not documented; Average = Duties are identified, some (but not all) personnel receive written assignments or training; low = Written duties are assigned, and training or an exercise is conducted for all personnel at least annually.','F11','https://unhabitat.org/iran/','شرح وظایف اختصاص یافته به کارکنان در فرایند پاسخ و بازیابی','', 1.000000  , 9 ),
  (55,'Risk ratings: High = Sites for telecommunications systems are in poor condition, at high risk of failure due to hazards; there are no protective measures; Average = Sites in fair condition; some measures provide partial protection; Low = Good condition, well-secured and other protective measures in place.','Risk ratings: High = Sites for telecommunications systems are in poor condition, at high risk of failure due to hazards; there are no protective measures; Average = Sites in fair condition; some measures provide partial protection; Low = Good condition, well-secured and other protective measures in place.','F11','https://unhabitat.org/iran/','وضعیت جانمایی بیمارستان از نقطه نظر ارتباطات مخابراتی','', 3.000000  , 5 ),
  (24,'Risk ratings: Low = No participation of stair elements in the seismic load resisting; Average = participation in the seismic resisting but the stiffness of stair elements are far lower than main seismic resisting elements; High = participation to the seismic resisting with stiff stair elements','Risk ratings: Low = No participation of stair elements in the seismic load resisting; Average = participation in the seismic resisting but the stiffness of stair elements are far lower than main seismic resisting elements; High = participation to the seismic resisting with stiff stair elements','F11','https://unhabitat.org/iran/',' درگیر شدن راه پله ها در باربری جانبی','', 3.000000  , 2 ),
  (76,'Risk ratings: Low = safe installation considering seismic requirements; Average = Safe installation without considering seismic requirements; High = poor installation even against service loads','Risk ratings: Low = safe installation considering seismic requirements; Average = Safe installation without considering seismic requirements; High = poor installation even against service loads','F11','https://unhabitat.org/iran/','وضعیت سیستم فعال اطفاء حریق ','', 3.000000  , 5 ),
  (155,'Risk ratings: high = Emergency security procedures do not exist or exist only as a document; Average = Documented procedures exist and personnel have been trained in emergency security procedures but testing is not conducted at least annually; low = Personnel are trained and tests of the documented procedures are held at least annually.','Risk ratings: high = Emergency security procedures do not exist or exist only as a document; Average = Documented procedures exist and personnel have been trained in emergency security procedures but testing is not conducted at least annually; low = Personnel are trained and tests of the documented procedures are held at least annually.','F11','https://unhabitat.org/iran/','فرایندهای تامین امنیت در حین بحران','', 1.000000  , 12 ),
  (146,'Risk ratings: high = Designated triage location or procedures do not exist; Average = Triage location and procedures exist and personnel have been trained, but procedures have not been tested for emergency and disaster situations; low = Location and procedures exist and have been tested, personnel have been trained, and resources are in place to implement at maximum hospital capacity in emergency and disaster situations.','Risk ratings: high = Designated triage location or procedures do not exist; Average = Triage location and procedures exist and personnel have been trained, but procedures have not been tested for emergency and disaster situations; low = Location and procedures exist and have been tested, personnel have been trained, and resources are in place to implement at maximum hospital capacity in emergency and disaster situations.','F11','https://unhabitat.org/iran/','تریاژ در بحرانهای بزرک','', 1.000000  , 11 ),
  (130,'Risk ratings: high = Central internal and external communication system functions inconsistently or incompletely; operators are not trained in emergency communication; Average = System functions appropriately, operators have received some training in emergency communication, tests are not conducted at least annually; low = System functions completely and operators are fully trained in emergency use, and tests of the system are conducted at least annually.','Risk ratings: high = Central internal and external communication system functions inconsistently or incompletely; operators are not trained in emergency communication; Average = System functions appropriately, operators have received some training in emergency communication, tests are not conducted at least annually; low = System functions completely and operators are fully trained in emergency use, and tests of the system are conducted at least annually.','F11','https://unhabitat.org/iran/','ارتباطات داخلی و خارجی مرکز درمانی در حین بحران','', 1.000000  , 8 ),
  (7,'Risk ratings: High = Separation is less than 0.5% of the height of the shorter of two adjacent buildings; Average = Separation is between 0.5% and 1.5% of the height of the shorter of two adjacent buildings; Low = Separation is more than 1.5% of the height of the shorter of two adjacent buildings.','Risk ratings: High = Separation is less than 0.5% of the height of the shorter of two adjacent buildings; Average = Separation is between 0.5% and 1.5% of the height of the shorter of two adjacent buildings; Low = Separation is more than 1.5% of the height of the shorter of two adjacent buildings.','F11','https://unhabitat.org/iran/','امکان برخورد سازه های مجاور در حرکت دینامیکی','', 3.000000  , 2 ),
  (45,'Risk ratings: High = There is only one entrance for the local power supply; Average = There are two entrances for the local power supply; Low = There are more than two entrances for the local power supply.','Risk ratings: High = There is only one entrance for the local power supply; Average = There are two entrances for the local power supply; Low = There are more than two entrances for the local power supply.','F11','https://unhabitat.org/iran/','وضعیت سیستم جایگزین برق رسانی از شبکه شهری','', 3.000000  , 5 ),
  (32,'Risk ratings: Low = safe installation considering seismic requirements; Average = Safe installation without considering seismic requirements; High = poor installation even against service loads','Risk ratings: Low = safe installation considering seismic requirements; Average = Safe installation without considering seismic requirements; High = poor installation even against service loads','F11','https://unhabitat.org/iran/','وضعیت نرده ها و جان پناه ها','', 1.000000  , 3 ),
  (26,'Risk ratings: Low =  (fullfilment of Standard No. 2800 requirements); Average =(fullfilment of atleast 50% of Standard No. 2800 requirements); ; High = (fullfilment of less than 50% of Standard No. 2800 requirements).','Risk ratings: Low =  (fullfilment of Standard No. 2800 requirements); Average =(fullfilment of atleast 50% of Standard No. 2800 requirements); ; High = (fullfilment of less than 50% of Standard No. 2800 requirements).','F11','https://unhabitat.org/iran/',' وجود طبقه نرم یا ضعیف به جز بام','', 3.000000  , 2 ),
  (96,'Risk ratings: Low = safe installation considering seismic requirements; Average = Safe installation without considering seismic requirements; High = poor installation even against service loads','Risk ratings: Low = safe installation considering seismic requirements; Average = Safe installation without considering seismic requirements; High = poor installation even against service loads','F11','https://unhabitat.org/iran/','وضعیت فنی شیرها، لوله ها و اتصالات سیستم گرمایش و سرمایش','', 3.000000  , 5 ),
  (30,'Risk ratings: Low = Windows and shutters in poor condition, subject to damage which would impede the function of this and other elements, systems or operations (e.g. weak protective glazing); Average = In fair condition, subject to damage but damage would not impede the function of this and other elements, systems or operations; High = In good condition, no or minor potential for damage that would impede the function of this and other elements, systems or operations; protective glass (e.g. polycarbonate glazing, blast film) has been added in critical wards.','Risk ratings: Low = Windows and shutters in poor condition, subject to damage which would impede the function of this and other elements, systems or operations (e.g. weak protective glazing); Average = In fair condition, subject to damage but damage would not impede the function of this and other elements, systems or operations; High = In good condition, no or minor potential for damage that would impede the function of this and other elements, systems or operations; protective glass (e.g. polycarbonate glazing, blast film) has been added in critical wards.','F11','https://unhabitat.org/iran/','وضعیت پنجره ها و کرکره ها','', 1.000000  , 3 ),
  (97,'Risk ratings: Low = safe installation considering seismic requirements; Average = Safe installation without considering seismic requirements; High = poor installation even against service loads','Risk ratings: Low = safe installation considering seismic requirements; Average = Safe installation without considering seismic requirements; High = poor installation even against service loads','F11','https://unhabitat.org/iran/','وضعیت سیستم تهویه مطبوع','', 3.000000  , 5 ),
  (134,'Risk ratings: high = Contact list does not exist; Average = List exists, but is not current (more than 3 months since it was updated); low = List is available and up to date.','Risk ratings: high = Contact list does not exist; Average = List exists, but is not current (more than 3 months since it was updated); low = List is available and up to date.','F11','https://unhabitat.org/iran/','فهرست تماس کارکنان مرکز درمانی','', 1.000000  , 9 ),
  (3,'Risk ratings: High = Poor structural system design; Average = Moderate structural system design; Low = Good structural system design.','Risk ratings: High = Poor structural system design; Average = Moderate structural system design; Low = Good structural system design.','F11','https://unhabitat.org/iran/','سیستم باربر جانبی','', 3.000000  , 2 ),
  (83,'Risk ratings: High = Documented procedures and maintenance/inspection records do not exist; Average = Documented procedures exist, maintenance/inspection records are up to date, personnel have been trained, but resources are not available; Low = Documented procedures exist, maintenance/inspection records are up to date, personnel have been trained, and resources are in place for implementing emergency maintenance and restoration.','Risk ratings: High = Documented procedures and maintenance/inspection records do not exist; Average = Documented procedures exist, maintenance/inspection records are up to date, personnel have been trained, but resources are not available; Low = Documented procedures exist, maintenance/inspection records are up to date, personnel have been trained, and resources are in place for implementing emergency maintenance and restoration.','F11','https://unhabitat.org/iran/','وضعیت تعمیر و نگهداری سیستم دفع زباله','', 3.000000  , 5 ),
  (127,'Risk ratings: high = Procedures do not exist or exist only as a document; Average = Procedures exist, personnel have been trained, but procedures are not updated or tested annually; low = Up-to-date procedures exist, personnel have been trained, and procedures have been tested at least annually.','Risk ratings: high = Procedures do not exist or exist only as a document; Average = Procedures exist, personnel have been trained, but procedures are not updated or tested annually; low = Up-to-date procedures exist, personnel have been trained, and procedures have been tested at least annually.','F11','https://unhabitat.org/iran/','پیش بینی سازوکار لازم برای فعال سازی و غیر فعال سازی برنامه ها','', 1.000000  , 7 ),
  (37,'Risk ratings: Low = safe installation considering seismic requirements; Average = Safe installation without considering seismic requirements; High = poor installation even against service loads','Risk ratings: Low = safe installation considering seismic requirements; Average = Safe installation without considering seismic requirements; High = poor installation even against service loads','F11','https://unhabitat.org/iran/','وضعیت آسانسورها ','', 1.000000  , 3 ),
  (74,'Risk ratings: Low = safe installation considering seismic requirements; Average = Safe installation without considering seismic requirements; High = poor installation even against service loads','Risk ratings: Low = safe installation considering seismic requirements; Average = Safe installation without considering seismic requirements; High = poor installation even against service loads','F11','https://unhabitat.org/iran/','وضعیت سیستم غیر فعال اطفاء حریق','', 3.000000  , 5 ),
  (88,'Risk ratings: High = Documented procedures and maintenance/inspection records do not exist; Average = Documented procedures exist, maintenance/inspection records are up to date, personnel have been trained, but resources are not available; Low = Documented procedures exist, maintenance/inspection records are up to date, personnel have been trained, and resources are in place for implementing emergency maintenance and restoration.','Risk ratings: High = Documented procedures and maintenance/inspection records do not exist; Average = Documented procedures exist, maintenance/inspection records are up to date, personnel have been trained, but resources are not available; Low = Documented procedures exist, maintenance/inspection records are up to date, personnel have been trained, and resources are in place for implementing emergency maintenance and restoration.','F11','https://unhabitat.org/iran/','وضعیت تعمیر و نگهداری سیستم ذخیره و توزیع سوخت','', 3.000000  , 5 ),
  (66,'Risk ratings: Low = safe installation considering seismic requirements; Average = Safe installation without considering seismic requirements; High = poor installation even against service loads','Risk ratings: Low = safe installation considering seismic requirements; Average = Safe installation without considering seismic requirements; High = poor installation even against service loads','F11','https://unhabitat.org/iran/','وضعیت مهار  لوله های ایستاده بر پایه','', 3.000000  , 5 ),
  (141,'Risk ratings: high = Procedures for food and drinking-water for emergencies are non-existent; Average = Procedures exist, food and drinking-water is guaranteed for less than 72 hours; low = Food and drinking-water for emergencies is guaranteed for at least 72 hours.','Risk ratings: high = Procedures for food and drinking-water for emergencies are non-existent; Average = Procedures exist, food and drinking-water is guaranteed for less than 72 hours; low = Food and drinking-water for emergencies is guaranteed for at least 72 hours.','F11','https://unhabitat.org/iran/','تامین مواد غذایی و آب آشامیدنی در حین بحران','', 1.000000  , 10 ),
  (148,'Risk ratings: high = Procedures do not exist or exist only as a document; Average = Procedures exist and personnel have been trained, but procedures have not been tested for emergency or disaster situations; low = Procedures exist and have been tested, personnel have been trained, and resources are available to implement measures at maximum hospital capacity in emergency or disaster situations.','Risk ratings: high = Procedures do not exist or exist only as a document; Average = Procedures exist and personnel have been trained, but procedures have not been tested for emergency or disaster situations; low = Procedures exist and have been tested, personnel have been trained, and resources are available to implement measures at maximum hospital capacity in emergency or disaster situations.','F11','https://unhabitat.org/iran/','سیستم ارجاع، انتقال و پذیرش بیماران','', 1.000000  , 11 ),
  (160,'Pre-field','تعیین سطح در تطبیق با پهنه بندی استاندارد 2800 ویرایش 4','F11','https://unhabitat.org/iran/','Earthquake','سطح خطر زمین لرزه', 1.000000  , 13 ),
  (27,'Risk ratings: Low =  (fullfilment of Standard No. 2800 requirements); Average =(fullfilment of atleast 50% of Standard No. 2800 requirements); ; High = (fullfilment of less than 50% of Standard No. 2800 requirements).','Risk ratings: Low =  (fullfilment of Standard No. 2800 requirements); Average =(fullfilment of atleast 50% of Standard No. 2800 requirements); ; High = (fullfilment of less than 50% of Standard No. 2800 requirements).','F11','https://unhabitat.org/iran/',' صلبیت دیافراگم و وضعیت جمع کننده ها','', 3.000000  , 2 ),
  (149,'Risk ratings: high = Policies and procedures do not exist; standard precautions for infection prevention and control are not folhighed routinely; Average = Policies and procedures exist, standard precautions are routinely folhighed, personnel have been trained, but the level of resources required for emergency and disaster situations, including epidemics, is not available; low = Policies and procedures exist, infection prevention and control measures are in place, personnel have been trained, and resources are available to implement measures at maximum hospital capacity in emergency and disaster situations.','Risk ratings: high = Policies and procedures do not exist; standard precautions for infection prevention and control are not folhighed routinely; Average = Policies and procedures exist, standard precautions are routinely folhighed, personnel have been trained, but the level of resources required for emergency and disaster situations, including epidemics, is not available; low = Policies and procedures exist, infection prevention and control measures are in place, personnel have been trained, and resources are available to implement measures at maximum hospital capacity in emergency and disaster situations.','F11','https://unhabitat.org/iran/','فرایندهای مراقبت، پیشگیری و کنترل بیماری های عفونی','', 1.000000  , 11 ),
  (84,'Risk ratings: Low = safe installation considering seismic requirements; Average = Safe installation without considering seismic requirements; High = poor installation even against service loads','Risk ratings: Low = safe installation considering seismic requirements; Average = Safe installation without considering seismic requirements; High = poor installation even against service loads','F11','https://unhabitat.org/iran/','وضعیت ذخیره سوخت','', 3.000000  , 5 ),
  (112,'Risk ratings: Low = safe installation considering seismic requirements; Average = Safe installation without considering seismic requirements; High = poor installation even against service loads','Risk ratings: Low = safe installation considering seismic requirements; Average = Safe installation without considering seismic requirements; High = poor installation even against service loads','F11','https://unhabitat.org/iran/','وضعیت مواد و تجهیزات نیازمند استریل','', 3.000000  , 6 ),
  (18,'Risk ratings: High = No evidence of hydroulic deviation/ flood protections present at the site of the hospital; Average = hydrollic deviation systems are provided but lack of meintenance exists; Low = Flood protection hydroulic systems are provided and as-is reliable performance is expected.','Risk ratings: High = No evidence of hydroulic deviation/ flood protections present at the site of the hospital; Average = hydrollic deviation systems are provided but lack of meintenance exists; Low = Flood protection hydroulic systems are provided and as-is reliable performance is expected.','F11','https://unhabitat.org/iran/',' تاب آوری سازه نسبت به سوانح طبیعی که به طور مستقیم در بارگذاری سازه در مرحله طرح وارد محاسبات نمی شوند','', 3.000000  , 2 ),
  (98,'Risk ratings: High = Documented procedures and maintenance/inspection records do not exist; Average = Documented procedures exist, maintenance/inspection records are up to date, personnel have been trained, but resources are not available; Low = Documented procedures exist, maintenance/inspection records are up to date, personnel have been trained, and resources are in place for implementing emergency maintenance and restoration.','Risk ratings: High = Documented procedures and maintenance/inspection records do not exist; Average = Documented procedures exist, maintenance/inspection records are up to date, personnel have been trained, but resources are not available; Low = Documented procedures exist, maintenance/inspection records are up to date, personnel have been trained, and resources are in place for implementing emergency maintenance and restoration.','F11','https://unhabitat.org/iran/','وضعیت تعمیر و نگهداری سیستم گرمایش و سرمایش','', 3.000000  , 5 ),
  (139,'Risk ratings: high = No arrangements exist; Average = Arrangements exist, but are not fully operational; low = Arrangements exist and are fully operational.','Risk ratings: high = No arrangements exist; Average = Arrangements exist, but are not fully operational; low = Arrangements exist and are fully operational.','F11','https://unhabitat.org/iran/','توافق با تامین کنندگان کالا و خدمات لازم در بعد محلی برای زمان وقوع بحران','', 1.000000  , 10 ),
  (20,'Risk ratings: Low =  (fullfilment of Standard No. 2800 requirements); Average =(fullfilment of atleast 50% of Standard No. 2800 requirements); ; High = (fullfilment of less than 50% of Standard No. 2800 requirements).','Risk ratings: Low =  (fullfilment of Standard No. 2800 requirements); Average =(fullfilment of atleast 50% of Standard No. 2800 requirements); ; High = (fullfilment of less than 50% of Standard No. 2800 requirements).','F11','https://unhabitat.org/iran/','پیوستگی در سیستم باربر جانبی','', 3.000000  , 2 ),
  (47,'Risk ratings: High = Internal and external lighting systems are in poor condition, there are no protective measures; Average = In fair condition; some measures provide partial protection; Low = In good condition, well-protected and in good working order.','Risk ratings: High = Internal and external lighting systems are in poor condition, there are no protective measures; Average = In fair condition; some measures provide partial protection; Low = In good condition, well-protected and in good working order.','F11','https://unhabitat.org/iran/','وضعیت تعمیر و نگهداری سیستم تامین نور در بخشهای داخلی و خارجی بیمارستان','', 3.000000  , 5 ),
  (118,'Risk ratings: high = Committee does not exist or members are untrained and responsibilities not assigned; Average = Members have received training and have been officially assigned; low = All members are trained and are actively fulfilling their roles and responsibilities.','Risk ratings: high = Committee does not exist or members are untrained and responsibilities not assigned; Average = Members have received training and have been officially assigned; low = All members are trained and are actively fulfilling their roles and responsibilities.','F11','https://unhabitat.org/iran/','تبیین وظایف اعضا و تامین آموزشهای لازم برای آنها','', 1.000000  , 7 ),
  (110,'Risk ratings: Low = safe installation considering seismic requirements; Average = Safe installation without considering seismic requirements; High = poor installation even against service loads','Risk ratings: Low = safe installation considering seismic requirements; Average = Safe installation without considering seismic requirements; High = poor installation even against service loads','F11','https://unhabitat.org/iran/','وضعیت تجهیزات تخصصی در سایر قسمتها','', 3.000000  , 6 ),
  (51,'Risk ratings: Low = safe installation considering seismic requirements; Average = Safe installation without considering seismic requirements; High = poor installation even against service loads','Risk ratings: Low = safe installation considering seismic requirements; Average = Safe installation without considering seismic requirements; High = poor installation even against service loads','F11','https://unhabitat.org/iran/','وضعیت سیستم های برق کشی با ولتاژ پایین  (اینترنت)','', 3.000000  , 5 ),
  (15,'Risk ratings: High = Height of storeys differs by more than 20% and there are significant discontinuous or irregular elements; Average = Storeys have similar heights (they differ by less than 20% but more than 5%); Low = Storeys are of similar height (they differ by less than 5%).','Risk ratings: High = Height of storeys differs by more than 20% and there are significant discontinuous or irregular elements; Average = Storeys have similar heights (they differ by less than 20% but more than 5%); Low = Storeys are of similar height (they differ by less than 5%).','F11','https://unhabitat.org/iran/','تغییر محسوس در ارتفاع ستونها و جابه جایی در چینش عناصر باربر جانبی در طبقات ','', 3.000000  , 2 ),
  (41,'Risk ratings: High = Alternate source(s) is (are) missing, or covers less than 30% of demand in critical areas, or can only be started manually; Average = Alternate source(s) covers 31–70% of demand in critical areas and starts automatically in less than 10 seconds in critical areas; Low = Alternate source(s) start(s) automatically in less than 10 seconds and cover(s) more than 70% of demand in critical areas.','Risk ratings: High = Alternate source(s) is (are) missing, or covers less than 30% of demand in critical areas, or can only be started manually; Average = Alternate source(s) covers 31–70% of demand in critical areas and starts automatically in less than 10 seconds in critical areas; Low = Alternate source(s) start(s) automatically in less than 10 seconds and cover(s) more than 70% of demand in critical areas.','F11','https://unhabitat.org/iran/','وضعیت ظرفیت منابع تامین برق اضطراری (ژنراتورها)','', 3.000000  , 5 ),
  (65,'Risk ratings: Low = safe installation considering seismic requirements; Average = Safe installation without considering seismic requirements; High = poor installation even against service loads','Risk ratings: Low = safe installation considering seismic requirements; Average = Safe installation without considering seismic requirements; High = poor installation even against service loads','F11','https://unhabitat.org/iran/','وضعیت مهار لوله ها و تجهیزات مرتبط با  سیستم آبرسانی','', 3.000000  , 5 ),
  (162,'Pre-field','تعیین سطح بر اساس استعلام از سازمان زمین شناسی و اکتشافات معدنی','F11','https://unhabitat.org/iran/','Subsidence','سطح خطر فرونشست', 1.000000  , 13 ),
  (40,'Risk ratings: High = Exit and evacuation routes are not clearly marked and many are blocked; Average = Some exit and evacuation routes are marked and most are clear of obstacles; Low = All exit and evacuation routes are clearly marked and free of obstacles.','Risk ratings: High = Exit and evacuation routes are not clearly marked and many are blocked; Average = Some exit and evacuation routes are marked and most are clear of obstacles; Low = All exit and evacuation routes are clearly marked and free of obstacles.','F11','https://unhabitat.org/iran/','وضعیت مسیرهای تخلیه اضطراری و راههای فرار','', 2.000000  , 4 ),
  (153,'Risk ratings: high = No personal protective equipment is available for immediate use by hospital staff, or no decontamination area exists; Average = Personal protective equipment is available for immediate use, decontamination areas are established, staff training and drills are not conducted annually; low = Personal protective equipment is available for immediate use, decontamination areas are established and personnel are trained and tested at least annually.','Risk ratings: high = No personal protective equipment is available for immediate use by hospital staff, or no decontamination area exists; Average = Personal protective equipment is available for immediate use, decontamination areas are established, staff training and drills are not conducted annually; low = Personal protective equipment is available for immediate use, decontamination areas are established and personnel are trained and tested at least annually.','F11','https://unhabitat.org/iran/','فرایندهای آلودگی زدایی در مخاطرات شیمیایی و بیولوژیکی ','', 1.000000  , 12 ),
  (166,'Pre-field','تعیین سطح بر اساس استعلام از سازمان حفاظت از محیط زیست','F11','https://unhabitat.org/iran/','Dust','سطح خطر گرد و غبار', 1.000000  , 13 ),
  (77,'Risk ratings: Low = safe installation considering seismic requirements; Average = Safe installation without considering seismic requirements; High = poor installation even against service loads','Risk ratings: Low = safe installation considering seismic requirements; Average = Safe installation without considering seismic requirements; High = poor installation even against service loads','F11','https://unhabitat.org/iran/','وضعیت ذخیره آب سیستم اطفاء حریق','', 3.000000  , 5 ),
  (49,'Risk ratings: High = Documented procedures and maintenance/inspection records do not exist; Average = Documented procedures exist, maintenance/inspection records are up to date, personnel have been trained, but resources are not available; Low = Documented procedures exist, maintenance/inspection records are up to date, personnel have been trained, and resources are in place for implementing emergency maintenance and restoration.','Risk ratings: High = Documented procedures and maintenance/inspection records do not exist; Average = Documented procedures exist, maintenance/inspection records are up to date, personnel have been trained, but resources are not available; Low = Documented procedures exist, maintenance/inspection records are up to date, personnel have been trained, and resources are in place for implementing emergency maintenance and restoration.','F11','https://unhabitat.org/iran/','وضعیت تعمیر و راه اندازی منایع پشتیبان تامین برق','', 3.000000  , 5 ),
  (9,'Risk ratings: High= Fewer than three lines of resistance in each direction; Average = Three lines of resistance in each direction or lines without orthogonal orientation; Low = More than three lines of resistance in each orthogonal direction of the building.','Risk ratings: High= Fewer than three lines of resistance in each direction; Average = Three lines of resistance in each direction or lines without orthogonal orientation; Low = More than three lines of resistance in each orthogonal direction of the building.','F11','https://unhabitat.org/iran/','وجود مسیرهای بالقوه جایگزین برای باربری جانبی','', 3.000000  , 2 ),
  (107,'Risk ratings: Low = safe installation considering seismic requirements; Average = Safe installation without considering seismic requirements; High = poor installation even against service loads','Risk ratings: Low = safe installation considering seismic requirements; Average = Safe installation without considering seismic requirements; High = poor installation even against service loads','F11','https://unhabitat.org/iran/','وضعیت تجهیزات و محتویات بخش استریل کردن','', 3.000000  , 6 ),
  (142,'Risk ratings: high = Emergency budget or mechanism to access emergency funds is not in place; Average = Funds are budgeted and mechanisms are available but cover less than 72 hours; low = Sufficient funds are guaranteed for 72 hours or more.','Risk ratings: high = Emergency budget or mechanism to access emergency funds is not in place; Average = Funds are budgeted and mechanisms are available but cover less than 72 hours; low = Sufficient funds are guaranteed for 72 hours or more.','F11','https://unhabitat.org/iran/','پیش بینی منابع مالی برای مدیریت بحران','', 1.000000  , 10 ),
  (23,'Risk ratings: Low = use of seismic energy dissipators in design with no fault in the construction; Average = use of devices with inadequte maintenance or faults in installation; High = No use of devices','Risk ratings: Low = use of seismic energy dissipators in design with no fault in the construction; Average = use of devices with inadequte maintenance or faults in installation; High = No use of devices','F11','https://unhabitat.org/iran/','کاربرد تجهیزات استهلاک انرژی زمین لرزه','', 3.000000  , 2 ),
  (13,'Risk ratings: High = Shapes are irregular and structure is not uniform (fullfilment of Standard No. 2800 requirements); Average =(fullfilment of atleast 50% of Standard No. 2800 requirements); ; Low = Shapes on plan are regular and structure has uniform plan, and there are no elements that would cause significant torsion (fullfilment of less than 50% of Standard No. 2800 requirements).','Risk ratings: High = Shapes are irregular and structure is not uniform (fullfilment of Standard No. 2800 requirements); Average =(fullfilment of atleast 50% of Standard No. 2800 requirements); ; Low = Shapes on plan are regular and structure has uniform plan, and there are no elements that would cause significant torsion (fullfilment of less than 50% of Standard No. 2800 requirements).','F11','https://unhabitat.org/iran/','نامنظمی در پلان سازه (سختی، جرم، مقاومت)','', 3.000000  , 2 );